contract,month_name,first_notice_day,last_trading_day
2021-01,Jan21,2021-01-04,2021-01-08
2021-03,Mar21,2021-03-01,2021-03-11
2021-05,May21,2021-05-03,2021-05-10
2021-07,Jul21,2021-07-01,2021-07-12
2021-09,Sep21,2021-09-01,2021-09-10
2021-11,Nov21,2021-11-01,2021-11-09
2022-01,Jan22,2022-01-03,2022-01-10
2022-03,Mar22,2022-03-01,2022-03-11
2022-05,May22,2022-05-02,2022-05-10
2022-07,Jul22,2022-07-01,2022-07-11
2022-09,Sep22,2022-09-01,2022-09-12
2022-11,Nov22,2022-11-01,2022-11-09
2023-01,Jan23,2023-01-03,2023-01-10
2023-03,Mar23,2023-03-01,2023-03-13
2023-05,May23,2023-05-01,2023-05-10
2023-07,Jul23,2023-07-03,2023-07-11
2023-09,Sep23,2023-09-01,2023-09-11
2023-11,Nov23,2023-11-01,2023-11-08
2024-01,Jan24,2024-01-02,2024-01-10
2024-03,Mar24,2024-03-01,2024-03-11
2024-05,May24,2024-05-01,2024-05-10
2024-07,Jul24,2024-07-01,2024-07-11
2024-09,Sep24,2024-09-03,2024-09-10
2024-11,Nov24,2024-11-01,2024-11-08
2025-01,Jan25,2025-01-02,2025-01-10
2025-03,Mar25,2025-03-03,2025-03-11
2025-05,May25,2025-05-01,2025-05-09
2025-07,Jul25,2025-07-01,2025-07-11
2025-09,Sep25,2025-09-02,2025-09-10
2025-11,Nov25,2025-11-03,2025-11-07
2026-01,Jan26,2026-01-02,2026-01-09
2026-03,Mar26,2026-03-02,2026-03-11
2026-05,May26,2026-05-01,2026-05-08
2026-07,Jul26,2026-07-01,2026-07-13
2026-09,Sep26,2026-09-01,2026-09-10
2026-11,Nov26,2026-11-02,2026-11-09
